<?xml version="1.0" encoding="UTF-8" standalone="yes"?><DocumentData><Document><DocumentType>Order</DocumentType><PONumber>123456789</PONumber><VendorID>00000391284</VendorID><VendorName>VAN WINGERDEN INTERNATIONAL</VendorName><DUNSNumber>006232884</DUNSNumber><TaxIdNumber>34-1024472</TaxIdNumber><InvoiceNumber>1181229</InvoiceNumber><OrderStatus>Approved</OrderStatus><CreateDate><Day>2013-07-19</Day></CreateDate><LoadDate><Day>2013-09-01</Day></LoadDate><DeliveryDate><Day>2013-09-01</Day></DeliveryDate><ShipDate><Day>2013-09-01</Day></ShipDate><ReceiveDate><Day>2013-09-01</Day></ReceiveDate><ReceiveTime>12:00</ReceiveTime><TransmitDate><Day>2013-09-10</Day></TransmitDate><Buyer></Buyer><EnteredBy>_NEW</EnteredBy><DepartmentNumber></DepartmentNumber><CarrierCode>OTRK</CarrierCode><Weight>0.0</Weight><Volume>13.64</Volume><TermsBasisDateCode>3</TermsBasisDateCode><OrderShippedComplete>Y</OrderShippedComplete><Party><PartyType>SHIP_TO</PartyType><PartyID>KMART</PartyID><ExternalID>3826</ExternalID><Name>K-MART #3826</Name><Address1>PAY DUNS #62328844</Address1><Address2>3100 WEST BIG BEAVER</Address2><City>TROY</City><State>MI</State><ZipCode>48084</ZipCode><Phone>248-463-1000</Phone></Party><Party><PartyType>BILL_TO</PartyType><PartyID>KMART</PartyID><Name>K-MART CORPORATION</Name><Address1>PAY DUNS #62328844</Address1><Address2>3100 WEST BIG BEAVER</Address2><City>TROY</City><State>MI</State><ZipCode>48084</ZipCode><Phone>248-463-1000</Phone></Party><ShipVia><ShippingCode>VWI - TRUCK</ShippingCode><Description></Description></ShipVia><PaymentTerms><TermsCode>NET 60</TermsCode><DiscountPercent>0.0</DiscountPercent><DiscountDays>0</DiscountDays><NetDueDays>60</NetDueDays><TermsDate>2013-09-01</TermsDate><DueDate>2013-10-31</DueDate></PaymentTerms><TaxableAmount>0.0</TaxableAmount><TaxPercent>0.0</TaxPercent><GSTPercent>0.0</GSTPercent><GSTAmount>0.0</GSTAmount><Total>228.0</Total><Property><key>UCC128</key><value>00000548420011812297</value></Property><LineItem><PartNumber><Type>SKU</Type><Number>096633911</Number></PartNumber><PartNumber><Type>UPC</Type><Number>054842111004</Number></PartNumber><Description>04 AFRICAN VIOLET</Description><CategoryCode>FLWR04</CategoryCode><CategoryDescription>04 FLOWERING</CategoryDescription><SKUDescription>04 AFRICAN VIOLET</SKUDescription><CaseCode></CaseCode><Quantity>1</Quantity><Units><UnitOfMeasure>Flat</UnitOfMeasure><PackageCount>24</PackageCount><EachCount>1</EachCount><InventoryQuantity>24</InventoryQuantity><UnitQuantity>24</UnitQuantity></Units><Taxed>false</Taxed><Price>5.0</Price><Extension>120.0</Extension><AdjustmentPercent>0.0</AdjustmentPercent><DiscountPercent>0.0</DiscountPercent><DiscountAmount>0.0</DiscountAmount><RequestedQuantity>1</RequestedQuantity><ShippedQuantity>1</ShippedQuantity><AccumulativeShippedQuantity>1</AccumulativeShippedQuantity><ShipDate><Day>2013-09-01</Day></ShipDate></LineItem><LineItem><PartNumber><Type>SKU</Type><Number>096634011</Number></PartNumber><PartNumber><Type>UPC</Type><Number>054842200517</Number></PartNumber><Description>096634011</Description><CategoryCode>FOLG04</CategoryCode><CategoryDescription>04 FOLIAGE ASST</CategoryDescription><SKUDescription>096634011</SKUDescription><CaseCode></CaseCode><Quantity>1</Quantity><Units><UnitOfMeasure>Flat</UnitOfMeasure><PackageCount>24</PackageCount><EachCount>1</EachCount><InventoryQuantity>24</InventoryQuantity><UnitQuantity>24</UnitQuantity></Units><Taxed>false</Taxed><Price>4.5</Price><Extension>108.0</Extension><AdjustmentPercent>0.0</AdjustmentPercent><DiscountPercent>0.0</DiscountPercent><DiscountAmount>0.0</DiscountAmount><RequestedQuantity>1</RequestedQuantity><ShippedQuantity>1</ShippedQuantity><AccumulativeShippedQuantity>1</AccumulativeShippedQuantity><ShipDate><Day>2013-09-01</Day></ShipDate></LineItem></Document><ElementDelimiter>*</ElementDelimiter><CompositeDelimiter>&gt;</CompositeDelimiter><TerminatorDelimiter>symbol(13) + symbol(10)</TerminatorDelimiter><LineTerminator>symbol(13) + symbol(10)</LineTerminator></DocumentData>