<?xml version="1.0" encoding="UTF-8" standalone="yes"?><DocumentData><Document><DocumentType>Order</DocumentType><PONumber>dsfdfadsf</PONumber><VendorID>457291560</VendorID><VendorName>HEIMOS GREENHOUSES</VendorName><DUNSNumber>031091572</DUNSNumber><TaxIdNumber></TaxIdNumber><InvoiceNumber>427805</InvoiceNumber><OrderStatus>Approved</OrderStatus><CreateDate><Day>2013-10-21</Day></CreateDate><LoadDate><Day>2013-10-21</Day></LoadDate><DeliveryDate><Day>2013-10-21</Day></DeliveryDate><ShipDate><Day>2013-10-21</Day></ShipDate><ReceiveDate><Day>2013-10-21</Day></ReceiveDate><ReceiveTime>12:00</ReceiveTime><TransmitDate><Day>2013-10-21</Day></TransmitDate><SalesRep></SalesRep><Buyer></Buyer><EnteredBy>STORE</EnteredBy><DepartmentNumber>0056</DepartmentNumber><CarrierCode>43543</CarrierCode><Weight>0.0</Weight><Volume>50.0</Volume><TermsBasisDateCode>3</TermsBasisDateCode><OrderShippedComplete>Y</OrderShippedComplete><Party><PartyType>SHIP_TO</PartyType><PartyID>WM0014</PartyID><ExternalID>78742000145</ExternalID><Name>WALMART #0014 LEBANON</Name><Address1>1800 S JEFFERSON</Address1><Address2></Address2><City>LEBANON</City><State>MO</State><ZipCode>65536</ZipCode><Phone>417-588-2268</Phone></Party><Party><PartyType>BILL_TO</PartyType><PartyID>WALMART</PartyID><Name>WALMART STORES</Name><Address1>P.O. BOX 116</Address1><Address2></Address2><City>BENTONVILLE</City><State>AR</State><ZipCode>72712</ZipCode><Phone>417-588-2268</Phone></Party><ShipVia><ShippingCode>TRUCKING MILLSTADT</ShippingCode><Description></Description></ShipVia><PaymentTerms><TermsCode>NET 30</TermsCode><DiscountPercent>0.0</DiscountPercent><DiscountDays>30</DiscountDays><NetDueDays>30</NetDueDays><TermsDate>2013-10-21</TermsDate><DueDate>2013-11-20</DueDate></PaymentTerms><TaxableAmount>912.0</TaxableAmount><TaxPercent>0.0</TaxPercent><GSTPercent>0.0</GSTPercent><GSTAmount>0.0</GSTAmount><Total>912.0</Total><Property><key>UCC128</key><value>00007271280004278055</value></Property><LineItem><PartNumber><Type>SKU</Type><Number>550061010</Number></PartNumber><PartNumber><Type>UPC</Type><Number>0072712870232</Number></PartNumber><Description>QT GERBERA DAISY</Description><CategoryCode>ANN5QTGERB</CategoryCode><CategoryDescription>QT GERBERA</CategoryDescription><SKUDescription>QT GERBERA DAISY</SKUDescription><CaseCode></CaseCode><Quantity>50</Quantity><Units><UnitOfMeasure>Flat</UnitOfMeasure><PackageCount>1</PackageCount><EachCount>8</EachCount><InventoryQuantity>50</InventoryQuantity><UnitQuantity>400</UnitQuantity></Units><Taxed>true</Taxed><Price>2.28</Price><Extension>912.0</Extension><AdjustmentPercent>0.0</AdjustmentPercent><DiscountPercent>0.0</DiscountPercent><DiscountAmount>0.0</DiscountAmount><RequestedQuantity>50</RequestedQuantity><ShippedQuantity>50</ShippedQuantity><AccumulativeShippedQuantity>50</AccumulativeShippedQuantity><ShipDate><Day>2013-10-21</Day></ShipDate></LineItem></Document><Document><DocumentType>Order</DocumentType><PONumber>dsfdfadsf</PONumber><VendorID>457291560</VendorID><VendorName>HEIMOS GREENHOUSES</VendorName><DUNSNumber>031091572</DUNSNumber><TaxIdNumber></TaxIdNumber><InvoiceNumber>427806</InvoiceNumber><OrderStatus>Approved</OrderStatus><CreateDate><Day>2013-10-21</Day></CreateDate><LoadDate><Day>2013-10-21</Day></LoadDate><DeliveryDate><Day>2013-10-21</Day></DeliveryDate><ShipDate><Day>2013-10-21</Day></ShipDate><ReceiveDate><Day>2013-10-21</Day></ReceiveDate><ReceiveTime>12:00</ReceiveTime><TransmitDate><Day>2013-10-21</Day></TransmitDate><SalesRep></SalesRep><Buyer></Buyer><EnteredBy>_NEW</EnteredBy><DepartmentNumber>0056</DepartmentNumber><CarrierCode>43543</CarrierCode><Weight>0.0</Weight><Volume>50.0</Volume><TermsBasisDateCode>3</TermsBasisDateCode><OrderShippedComplete>Y</OrderShippedComplete><Party><PartyType>SHIP_TO</PartyType><PartyID>WM0021</PartyID><ExternalID>78742000213</ExternalID><Name>WALMART #0021 ST. ROBERT</Name><Address1>185 ST ROBERT BLVD</Address1><Address2></Address2><City>ST. ROBERT</City><State>MO</State><ZipCode>65584</ZipCode><Phone>573 336 5103</Phone></Party><Party><PartyType>BILL_TO</PartyType><PartyID>WALMART</PartyID><Name>WALMART STORES</Name><Address1>P.O. BOX 116</Address1><Address2></Address2><City>BENTONVILLE</City><State>AR</State><ZipCode>72712</ZipCode><Phone>573 336 5103</Phone></Party><ShipVia><ShippingCode>TRUCKING MILLSTADT</ShippingCode><Description></Description></ShipVia><PaymentTerms><TermsCode>NET 30</TermsCode><DiscountPercent>0.0</DiscountPercent><DiscountDays>30</DiscountDays><NetDueDays>30</NetDueDays><TermsDate>2013-10-21</TermsDate><DueDate>2013-11-20</DueDate></PaymentTerms><TaxableAmount>912.0</TaxableAmount><TaxPercent>0.0</TaxPercent><GSTPercent>0.0</GSTPercent><GSTAmount>0.0</GSTAmount><Total>912.0</Total><Property><key>UCC128</key><value>00007271280004278062</value></Property><LineItem><PartNumber><Type>SKU</Type><Number>550061010</Number></PartNumber><PartNumber><Type>UPC</Type><Number>0072712870232</Number></PartNumber><Description>QT GERBERA DAISY</Description><CategoryCode>ANN5QTGERB</CategoryCode><CategoryDescription>QT GERBERA</CategoryDescription><SKUDescription>QT GERBERA DAISY</SKUDescription><CaseCode></CaseCode><Quantity>50</Quantity><Units><UnitOfMeasure>Flat</UnitOfMeasure><PackageCount>1</PackageCount><EachCount>8</EachCount><InventoryQuantity>50</InventoryQuantity><UnitQuantity>400</UnitQuantity></Units><Taxed>true</Taxed><Price>2.28</Price><Extension>912.0</Extension><AdjustmentPercent>0.0</AdjustmentPercent><DiscountPercent>0.0</DiscountPercent><DiscountAmount>0.0</DiscountAmount><RequestedQuantity>50</RequestedQuantity><ShippedQuantity>50</ShippedQuantity><AccumulativeShippedQuantity>50</AccumulativeShippedQuantity><ShipDate><Day>2013-10-21</Day></ShipDate></LineItem></Document><Document><DocumentType>Order</DocumentType><PONumber>dsfdfadsf</PONumber><VendorID>457291560</VendorID><VendorName>HEIMOS GREENHOUSES</VendorName><DUNSNumber>031091572</DUNSNumber><TaxIdNumber></TaxIdNumber><InvoiceNumber>427807</InvoiceNumber><OrderStatus>Approved</OrderStatus><CreateDate><Day>2013-10-21</Day></CreateDate><LoadDate><Day>2013-10-21</Day></LoadDate><DeliveryDate><Day>2013-10-21</Day></DeliveryDate><ShipDate><Day>2013-10-21</Day></ShipDate><ReceiveDate><Day>2013-10-21</Day></ReceiveDate><ReceiveTime>12:00</ReceiveTime><TransmitDate><Day>2013-10-21</Day></TransmitDate><SalesRep></SalesRep><Buyer></Buyer><EnteredBy>STORE</EnteredBy><DepartmentNumber>0056</DepartmentNumber><CarrierCode>43543</CarrierCode><Weight>0.0</Weight><Volume>50.0</Volume><TermsBasisDateCode>3</TermsBasisDateCode><OrderShippedComplete>Y</OrderShippedComplete><Party><PartyType>SHIP_TO</PartyType><PartyID>WM0030</PartyID><ExternalID>78742000305</ExternalID><Name>WALMART #0030 DEXTER</Name><Address1>2025 W BUSINESS HWY 60 WEST</Address1><Address2></Address2><City>DEXTER</City><State>MO</State><ZipCode>63841</ZipCode><Phone>573-624-5514</Phone></Party><Party><PartyType>BILL_TO</PartyType><PartyID>WALMART</PartyID><Name>WALMART STORES</Name><Address1>P.O. BOX 116</Address1><Address2></Address2><City>BENTONVILLE</City><State>AR</State><ZipCode>72712</ZipCode><Phone>573-624-5514</Phone></Party><ShipVia><ShippingCode>TRUCKING MILLSTADT</ShippingCode><Description></Description></ShipVia><PaymentTerms><TermsCode>NET 30</TermsCode><DiscountPercent>0.0</DiscountPercent><DiscountDays>30</DiscountDays><NetDueDays>30</NetDueDays><TermsDate>2013-10-21</TermsDate><DueDate>2013-11-20</DueDate></PaymentTerms><TaxableAmount>912.0</TaxableAmount><TaxPercent>0.0</TaxPercent><GSTPercent>0.0</GSTPercent><GSTAmount>0.0</GSTAmount><Total>912.0</Total><Property><key>UCC128</key><value>00007271280004278079</value></Property><LineItem><PartNumber><Type>SKU</Type><Number>550061010</Number></PartNumber><PartNumber><Type>UPC</Type><Number>0072712870232</Number></PartNumber><Description>QT GERBERA DAISY</Description><CategoryCode>ANN5QTGERB</CategoryCode><CategoryDescription>QT GERBERA</CategoryDescription><SKUDescription>QT GERBERA DAISY</SKUDescription><CaseCode></CaseCode><Quantity>50</Quantity><Units><UnitOfMeasure>Flat</UnitOfMeasure><PackageCount>1</PackageCount><EachCount>8</EachCount><InventoryQuantity>50</InventoryQuantity><UnitQuantity>400</UnitQuantity></Units><Taxed>true</Taxed><Price>2.28</Price><Extension>912.0</Extension><AdjustmentPercent>0.0</AdjustmentPercent><DiscountPercent>0.0</DiscountPercent><DiscountAmount>0.0</DiscountAmount><RequestedQuantity>50</RequestedQuantity><ShippedQuantity>50</ShippedQuantity><AccumulativeShippedQuantity>50</AccumulativeShippedQuantity><ShipDate><Day>2013-10-21</Day></ShipDate></LineItem></Document><ElementDelimiter>*</ElementDelimiter><CompositeDelimiter>&gt;</CompositeDelimiter><TerminatorDelimiter>symbol(13) + symbo(10)</TerminatorDelimiter><LineTerminator>symbol(13) + symbol(10)</LineTerminator></DocumentData>