<?xml version="1.0" encoding="UTF-8" standalone="yes"?><DocumentData><Document><DocumentType>SCANPO</DocumentType><PONumber>2008-03-193613</PONumber><VendorID>T00000082</VendorID><VendorName>N/A</VendorName><ReferenceNumber>N/A</ReferenceNumber><CreateDate><Day>2008-03-20</Day></CreateDate><ShipDate><Day>2008-03-19</Day></ShipDate><TransmitDate><Day>2008-03-20</Day></TransmitDate><Party><PartyType>SHIP_TO</PartyType><PartyID>3613</PartyID><ExternalID>3613</ExternalID><Name>N/A</Name><Address1>N/A</Address1><Address2>N/A</Address2><City>N/A</City><State>N/A</State><ZipCode>N/A</ZipCode><Phone>N/A</Phone></Party><Party><PartyType>BILL_TO</PartyType><PartyID>3613</PartyID><ExternalID>3613</ExternalID><Name>N/A</Name><Address1>N/A</Address1><Address2>N/A</Address2><City>N/A</City><State>N/A</State><ZipCode>N/A</ZipCode><Phone>N/A</Phone></Party><Total>0</Total><LineItem><PartNumber><Type>SKU</Type><Number>096633911</Number></PartNumber><PartNumber><Type>UPC</Type><Number>054842111004</Number></PartNumber><Description>N/A</Description><Quantity>1</Quantity><Units><UnitOfMeasure>EA</UnitOfMeasure><PackageCount>1</PackageCount><EachCount>0</EachCount><InventoryQuantity>0</InventoryQuantity><UnitQuantity>0</UnitQuantity></Units><Price>2</Price><ShipDate><Day>2008-03-19</Day></ShipDate></LineItem></Document></DocumentData>