<?xml version="1.0" encoding="UTF-8" standalone="yes"?><DocumentData><Document><DocumentType>ORDER</DocumentType><PONumber>222815046</PONumber><VendorID>00000391284</VendorID><VendorName>N/A</VendorName><ReferenceNumber>N/A</ReferenceNumber><CreateDate><Day>2012-03-05</Day></CreateDate><ShipDate><Day>2013-09-01</Day></ShipDate><TransmitDate><Day>2013-09-01</Day></TransmitDate><DepartmentNumber/><Party><PartyType>SHIP_TO</PartyType><PartyID>1007</PartyID><ExternalID>1007</ExternalID><Name>SEARS</Name><Address1>686 BRANDON TOWN CENTER M</Address1><Address2>N/A</Address2><City>BRANDON</City><State>FL</State><ZipCode>335114726</ZipCode></Party><Party><PartyType>BILL_TO</PartyType><PartyID/><ExternalID/><Name>N/A</Name><Address1>N/A</Address1><Address2>N/A</Address2><City>N/A</City><State>N/A</State><ZipCode>N/A</ZipCode></Party><Total/><LineItem><PartNumber><Type>SKU</Type><Number/></PartNumber><PartNumber><Type>UPC</Type><Number/></PartNumber><Description>F</Description><Quantity>36</Quantity><Units><UnitOfMeasure>EA</UnitOfMeasure><PackageCount>12</PackageCount><EachCount>6</EachCount><InventoryQuantity>0</InventoryQuantity><UnitQuantity>0</UnitQuantity></Units><Price>8.1</Price><ShipDate><Day>2013-09-01</Day></ShipDate></LineItem><LineItem><PartNumber><Type>SKU</Type><Number/></PartNumber><PartNumber><Type>UPC</Type><Number/></PartNumber><Description>F</Description><Quantity>36</Quantity><Units><UnitOfMeasure>EA</UnitOfMeasure><PackageCount>12</PackageCount><EachCount>1</EachCount><InventoryQuantity>0</InventoryQuantity><UnitQuantity>0</UnitQuantity></Units><Price>22.5</Price><ShipDate><Day>2013-09-01</Day></ShipDate></LineItem><LineItem><PartNumber><Type>SKU</Type><Number/></PartNumber><PartNumber><Type>UPC</Type><Number/></PartNumber><Description>F</Description><Quantity>36</Quantity><Units><UnitOfMeasure>EA</UnitOfMeasure><PackageCount>12</PackageCount><EachCount>12</EachCount><InventoryQuantity>0</InventoryQuantity><UnitQuantity>0</UnitQuantity></Units><Price>8.1</Price><ShipDate><Day>2013-09-01</Day></ShipDate></LineItem></Document><Document><DocumentType>ORDER</DocumentType><PONumber>222815047</PONumber><VendorID>00000391284</VendorID><VendorName>N/A</VendorName><ReferenceNumber>N/A</ReferenceNumber><CreateDate><Day>2012-03-05</Day></CreateDate><ShipDate><Day>2013-09-01</Day></ShipDate><TransmitDate><Day>2013-09-01</Day></TransmitDate><DepartmentNumber/><Party><PartyType>SHIP_TO</PartyType><PartyID>1255</PartyID><ExternalID>1255</ExternalID><Name>KMART</Name><Address1>7902 CITRUS PARK DR</Address1><Address2>N/A</Address2><City>TAMPA</City><State>FL</State><ZipCode>33625</ZipCode></Party><Party><PartyType>BILL_TO</PartyType><PartyID/><ExternalID/><Name>N/A</Name><Address1>N/A</Address1><Address2>N/A</Address2><City>N/A</City><State>N/A</State><ZipCode>N/A</ZipCode></Party><Total/><LineItem><PartNumber><Type>SKU</Type><Number/></PartNumber><PartNumber><Type>UPC</Type><Number/></PartNumber><Description>F</Description><Quantity>24</Quantity><Units><UnitOfMeasure>EA</UnitOfMeasure><PackageCount>12</PackageCount><EachCount>1</EachCount><InventoryQuantity>0</InventoryQuantity><UnitQuantity>0</UnitQuantity></Units><Price>8.11</Price><ShipDate><Day>2013-09-01</Day></ShipDate></LineItem><LineItem><PartNumber><Type>SKU</Type><Number/></PartNumber><PartNumber><Type>UPC</Type><Number/></PartNumber><Description>F</Description><Quantity>12</Quantity><Units><UnitOfMeasure>EA</UnitOfMeasure><PackageCount>12</PackageCount><EachCount>6</EachCount><InventoryQuantity>0</InventoryQuantity><UnitQuantity>0</UnitQuantity></Units><Price>12.5</Price><ShipDate><Day>2013-09-01</Day></ShipDate></LineItem><LineItem><PartNumber><Type>SKU</Type><Number/></PartNumber><PartNumber><Type>UPC</Type><Number/></PartNumber><Description>F</Description><Quantity>3</Quantity><Units><UnitOfMeasure>EA</UnitOfMeasure><PackageCount>1</PackageCount><EachCount>1</EachCount><InventoryQuantity>0</InventoryQuantity><UnitQuantity>0</UnitQuantity></Units><Price>4.1</Price><ShipDate><Day>2013-09-01</Day></ShipDate></LineItem></Document><Document><DocumentType>ORDER</DocumentType><PONumber>222815048</PONumber><VendorID>00000391284</VendorID><VendorName>N/A</VendorName><ReferenceNumber>N/A</ReferenceNumber><CreateDate><Day>2012-03-05</Day></CreateDate><ShipDate><Day>2013-09-01</Day></ShipDate><TransmitDate><Day>2013-09-01</Day></TransmitDate><DepartmentNumber/><Party><PartyType>SHIP_TO</PartyType><PartyID>1465</PartyID><ExternalID>1465</ExternalID><Name>SEARS</Name><Address1>2266 UNIVERSITY SQUARE MA</Address1><Address2>N/A</Address2><City>TAMPA</City><State>FL</State><ZipCode>336125518</ZipCode></Party><Party><PartyType>BILL_TO</PartyType><PartyID/><ExternalID/><Name>N/A</Name><Address1>N/A</Address1><Address2>N/A</Address2><City>N/A</City><State>N/A</State><ZipCode>N/A</ZipCode></Party><Total/><LineItem><PartNumber><Type>SKU</Type><Number/></PartNumber><PartNumber><Type>UPC</Type><Number/></PartNumber><Description>F</Description><Quantity>3</Quantity><Units><UnitOfMeasure>CA</UnitOfMeasure><PackageCount>12</PackageCount><EachCount>1</EachCount><InventoryQuantity>0</InventoryQuantity><UnitQuantity>0</UnitQuantity></Units><Price>240.1</Price><ShipDate><Day>2013-09-01</Day></ShipDate></LineItem></Document></DocumentData>