<?xml version="1.0" encoding="UTF-8" standalone="yes"?>
<Host alias="Wal-Mart AS2" application="Retail" by="JWarren" cemcapable="False" class="*CwwQN00sPlERHhodTQweUUEWCRoeGhlOU0gICxtNGEM*" enabled="True" id="*Sw**" local="False" localhostclass=".as2bean.AS2LocalHost" modified="2010/07/29 16:42" preconfigured="2010/01/28 16:36" ready="True" secure="False" serial="JWARREN2:LX0029(LexiCom)" servercertfile="" transport="AS2/HTTP" type="iSoft">
  <Addcontenttypetoinbox>False</Addcontenttypetoinbox>
  <Address>gem.wal-mart.com</Address>
  <Checkservername>False</Checkservername>
  <Connecttype>1</Connecttype>
  <Fileidentifiedby>0</Fileidentifiedby>
  <Fileidentifiedfieldnum>0</Fileidentifiedfieldnum>
  <Fileidentifiedposition>0</Fileidentifiedposition>
  <Generatefilenameresponses>False</Generatefilenameresponses>
  <Headerlines>0</Headerlines>
  <Hiddenpanels>Host=HTTP&amp;Mailbox=Authenticate,Security</Hiddenpanels>
  <Inbox>inbox\Wal-Mart AS2\</Inbox>
  <Index>0</Index>
  <Indexdate>-1</Indexdate>
  <Internal>0</Internal>
  <Messageversion>1.1</Messageversion>
  <Notes>AS2 Host
---------------------------------
Trading Partner Information:

You can use this space to keep a record of your trading partner contact information and communication requirements.
----------------------------------

Host / Mailbox Configuration
------------------------------------
Use your trading partner communication requirements to set the necessary parameters located at the Host and mailbox configuration tabs. You can select Help at any of the configuration tabs for additional details.


Firewall Settings
------------------------------------
For communication to your trading partner, open the specified server port outbound. For communication from your trading partner, open the port configured at the Local Listener. HTTP port 5080 is enabled by default, but any port between 1024 and 65535 is acceptable. Additional information can be found from within the software by right clicking on the host and selecting TCP/IP Port Usage.


Mailbox Configuration
------------------------------------
The Notes tab located at the mailbox level may contain additional information related to this host configuration.</Notes>
  <Origin>Wal-Mart AS2</Origin>
  <Outbox>outbox\Wal-Mart AS2\</Outbox>
  <Overwrite>False</Overwrite>
  <Port>5080</Port>
  <Responseaction>0</Responseaction>
  <Runninglocalrequired>False</Runninglocalrequired>
  <Serviceoverride>False</Serviceoverride>
  <Standardhtmldirectory>True</Standardhtmldirectory>
  <Usedefaultfilename>False</Usedefaultfilename>
  <Advanced>XMLEncryptionAlgorithm=System Default</Advanced>
  <Advanced>PGPHashAlgorithm=System Default</Advanced>
  <Advanced>AllowActionsToRunConcurrently=false</Advanced>
  <Advanced>UseContentTypeForFileExtension=true</Advanced>
  <Advanced>Compression-SigningOrder=Sign then compress</Advanced>
  <Advanced>SSLCipher= </Advanced>
  <Advanced>OutboxSort=System Default</Advanced>
  <Advanced>PGPEncryptionAlgorithm=System Default</Advanced>
  <Advanced>ZipCompressionLevel=System Default</Advanced>
  <Advanced>PGPCompressionAlgorithm=System Default</Advanced>
  <Contenttypedirs>XML=xml</Contenttypedirs>
  <Contenttypedirs>Plain Text=plain</Contenttypedirs>
  <Contenttypedirs>EDIFACT=</Contenttypedirs>
  <Contenttypedirs>X12=</Contenttypedirs>
  <Contenttypedirs>Other=other</Contenttypedirs>
  <Contenttypedirs>Binary=binary</Contenttypedirs>
  <Contenttypedirs>EDI Consent=</Contenttypedirs>
  <Mailbox alias="myMailbox" certalias="" certpassword="" class="*BxAdExYeMk0sPlERHhodTQweUQ**" enabled="True" folder="" localdecryptcert="" localencrcertalias="" localencrcertpassword="" localencrpending="False" localencrreadonly="False" localencryptcert="" localsigncertalias="" localsigncertpassword="" partnerclientcertfile="" partnerdecryptcert="" partnerencryptcert="" partnerreadonly="False" partnerservercertfile="" ready="False" servercertfile="" serversigncertfile="">
    <Asyncdeliverymethod>2</Asyncdeliverymethod>
    <Authtype>0</Authtype>
    <Compressedrequest>False</Compressedrequest>
    <Deliverytype>0</Deliverytype>
    <Emailmdn>False</Emailmdn>
    <Encryptedrequest>True</Encryptedrequest>
    <Encryptionmethod>4</Encryptionmethod>
    <Forceencryption>False</Forceencryption>
    <Forcemdnsignature>False</Forcemdnsignature>
    <Forcesignature>False</Forcesignature>
    <Lastclientemailexecutedate>-1</Lastclientemailexecutedate>
    <Lastserveremailexecutedate>-1</Lastserveremailexecutedate>
    <Localdecryptoutbound>False</Localdecryptoutbound>
    <Localencryptinbound>False</Localencryptinbound>
    <Localoverridelistenercert>False</Localoverridelistenercert>
    <Localpackaging>None</Localpackaging>
    <Localpgparmor>False</Localpgparmor>
    <Localpgpcompress>False</Localpgpcompress>
    <Localpgpencrypt>True</Localpgpencrypt>
    <Localpgpforceencryption>True</Localpgpforceencryption>
    <Localpgpforcesignature>True</Localpgpforcesignature>
    <Localpgpsign>True</Localpgpsign>
    <Localreadonly>False</Localreadonly>
    <Localsignpending>False</Localsignpending>
    <Mictype>0</Mictype>
    <Notes>Mailbox Configuration
------------------------------------

HTTP tab
------------------------------------
Please note that AS2 names are case and space sensitive.</Notes>
    <Overridelistenercerts>False</Overridelistenercerts>
    <Partnerdecryptinbound>False</Partnerdecryptinbound>
    <Partnerencryptoutbound>False</Partnerencryptoutbound>
    <Partneroverridelistenercert>False</Partneroverridelistenercert>
    <Partnerpackaging>None</Partnerpackaging>
    <Partnerpgparmor>False</Partnerpgparmor>
    <Partnerpgpcompress>False</Partnerpgpcompress>
    <Partnerpgpencrypt>True</Partnerpgpencrypt>
    <Partnerpgpforceencryption>True</Partnerpgpforceencryption>
    <Partnerpgpforcesignature>True</Partnerpgpforcesignature>
    <Partnerpgpsign>True</Partnerpgpsign>
    <Receiptdesired>True</Receiptdesired>
    <Signedreceipt>True</Signedreceipt>
    <Signedrequest>True</Signedrequest>
    <Useencrcert>False</Useencrcert>
    <Usesamecerts>True</Usesamecerts>
    <Usesigncert>False</Usesigncert>
    <Action alias="send" class="*ERAWCxw+TSw+UREeGh1NDB5R" enabled="True" ready="True">
      <Commands># Send files to remote host&#13;
PUT -DEL *</Commands>
    </Action>
    <Action alias="collect" class="*ERAWCxw+TSw+UREeGh1NDB5R" enabled="True" ready="True">
      <Commands># With this protocol, files are pushed by the remote host to your local inbox. &#13;
# This action copies all 'inbox' files received into one file called receive.file.&#13;
# CAUTION: After this action runs, receive.file must be processed by the back-end system &#13;
# before it runs again; else it will be deleted and re-created...and data will be lost.&#13;
&#13;
# Initialize inbound file&#13;
# LDELETE receive.file&#13;
&#13;
# Merge all files received into receive.file&#13;
# LCOPY -DEL -APE * receive.file</Commands>
    </Action>
    <Header>PUT AS2-To=08925485US00</Header>
    <Header>PUT Subject=AS2 Message</Header>
    <Header>PUT [Content-Type]=X12</Header>
  </Mailbox>
  <Syntax>PUT POST /
AS2-From=,AS2-To=|08925485US00%% - U.S./Puerto Rico|08925485CA00%% - Canada|08925485MX00%% - Mexico|147891737000004%% - Brazil|147799011000002%% - Argentina|146907777000001%% - China|144035304000001%% - Germany|145015715444440%% - Great Britain (UK)|,Subject=,[Content-Type=|EDIFACT|X12|XML|Binary|Plain Text|EDI Consent|]</Syntax>
</Host>
